{
  "target_col": "Kelayakan Mobil",
  "feature_cols": [
    "Harga Beli",
    "Biaya Perawatan",
    "Jumlah Pintu",
    "Kapasitas Orang",
    "Ukuran Bagasi",
    "Tingkat Keamanan"
  ],
  "numeric_cols": [],
  "categorical_cols": [
    "Harga Beli",
    "Biaya Perawatan",
    "Jumlah Pintu",
    "Kapasitas Orang",
    "Ukuran Bagasi",
    "Tingkat Keamanan"
  ],
  "choices": {
    "Harga Beli": [
      "Rendah",
      "Sangat Tinggi",
      "Sedang",
      "Tinggi"
    ],
    "Biaya Perawatan": [
      "Rendah",
      "Sangat Tinggi",
      "Sedang",
      "Tinggi"
    ],
    "Jumlah Pintu": [
      "2",
      "3",
      "4",
      "5 atau lebih"
    ],
    "Kapasitas Orang": [
      "2",
      "4",
      "Lebih Banyak"
    ],
    "Ukuran Bagasi": [
      "Besar",
      "Kecil",
      "Sedang"
    ],
    "Tingkat Keamanan": [
      "Sedang",
      "Tinggi",
      "low"
    ]
  },
  "accuracy": 0.8554913294797688,
  "labels": [
    "Bagus",
    "Layak",
    "Sangat Bagus",
    "Tidak Layak"
  ],
  "cm": [
    [
      1,
      12,
      1,
      0
    ],
    [
      2,
      52,
      0,
      23
    ],
    [
      0,
      7,
      6,
      0
    ],
    [
      0,
      5,
      0,
      237
    ]
  ],
  "n_train": 1382,
  "n_test": 346,
  "report": {
    "Bagus": {
      "precision": 0.3333333333333333,
      "recall": 0.07142857142857142,
      "f1-score": 0.11764705882352941,
      "support": 14.0
    },
    "Layak": {
      "precision": 0.6842105263157895,
      "recall": 0.6753246753246753,
      "f1-score": 0.6797385620915033,
      "support": 77.0
    },
    "Sangat Bagus": {
      "precision": 0.8571428571428571,
      "recall": 0.46153846153846156,
      "f1-score": 0.6,
      "support": 13.0
    },
    "Tidak Layak": {
      "precision": 0.9115384615384615,
      "recall": 0.9793388429752066,
      "f1-score": 0.9442231075697212,
      "support": 242.0
    },
    "accuracy": 0.8554913294797688,
    "macro avg": {
      "precision": 0.6965562945826104,
      "recall": 0.5469076378167288,
      "f1-score": 0.5854021821211884,
      "support": 346.0
    },
    "weighted avg": {
      "precision": 0.835508791988865,
      "recall": 0.8554913294797688,
      "f1-score": 0.8389853183134327,
      "support": 346.0
    }
  }
}